page,total
DiscoveryNovelDetailActivityLite,448
SystemPermissionsSettingActivity,4
MessageNotifyDispatcherActivity,427
AdVideoDetailImmersiveActivity,1203
PluginPaperViewerOuterActivity,9
SocialShareImageEditorActivity,1
InstallPluginDelegateActivity,8
AccountCenterExternalActivity,5
BaiduWalletPluginTempActivity,1
NormalizeGuestAccountActivity,12
DownloadedCategorySecActivity,979
SystemScreenshotShareActivity,11
AccountUserSignatureActivity,1
MiniVideoDetailVerticalNaActivity,35212
BookmarkDirectoryActivity,84
LiveTemplateActivity,230
DiscoveryNovelSpecialActivity,7
AccountUserInfoEditActivity,63
BdBoxSchemeDispatchActivity,381
AccountBirthdayEditActivity,3
NovelFloatGuideActivityLite,80
RedPacketTaskGuideActivity,143
LocationPermissionActivity,4
PushFloatPullBackActivity,2310
NovelLightBrowserActivity,664
LocalPhotoPreviewActivity,1
PictureWallpaperActivity,10
NovelAdJiliVideoActivity,6
ShareResultProxyActivity,3
VeloceAppInstallActivity,6
LightTaskBrowserActivity,66
SystemShareTransActivity,124
LightBrowserActivityExt1,4864
ThirdPartDetailActivity,1
DownloadSettingActivity,10
DownloadedVideoActivity,1294
AccountNickNameActivity,2
PictureCategoryActivity,40
AccountRealNameActivity,1
BookmarkDirEditActivity,3
MultiTabManagerActivity,13
CityManagementActivity,4
AdBlockWebsiteActivity,2
SettingsCommonActivity,8
SwanAppLaunchActivity,5
PictureBrowseActivity,46
NovelHomeActivityLite,840
VideoContinueActivity,3
WalletNewHomeActivity,1
UpdateDialogActivity,634
QQShareTransActivity,188
FeedbackEditActivity,2
LightBrowserActivity,12936
VideoPaymentActivity,10
PluginActivityDialog,3
WbShareTransActivity,58
LightPictureBrowseActivity,1226
VideoCommonDownloadSiteActivity,3
ComicLightBrowserActivityStandard,287
SearchBoxSettingsActivity,84
TalosActivity,1
PersonalCenterLoginGuideActivity,57
VideoPlaySettingActivity,1
TaskImmerseBrowserActivity,9677
SwanAppAlbumPreviewActivity,1152
SinaSSOLoginActivity,12
PersonalPageHybridActivity,1697
TTSFullScreenPlayerActivity,235
WeiboSdkWebActivity,11
FragmentActivityProxyTranslucent,1438
SwanAppLauncherActivity,130
SearchMusicActivity,5
ReaderFloatActivity,1
FileManagerActivity,7218
FeedCommentActivity,3
CodeScannerActivity,9133
AdVideoDetailScrollActivity,993
AdInterruptDialogActivity,11
ActivityProxyTranslucent,201
SwanAppErrorActivity,7
RecommendSettingsActivity,3
VeloceBridgeActivity,1114
UserAssetsAggrSearchActivity,49
FeedbackReportActivity,11
FragmentActivityProxy,104749
DiscoveryNovelWebCommentActivity,1
AccountUserInfoWebActivity,48
PluginInstallActivityDialog,1
LightBrowserActivityExt2,2
HistoryRecordSettingActivity,1
AccountShareLoginProxyActivity,29
NovelShelfEditActivity,2
ModeSwitchActivity,16
BaseActivityDialog,186
SwanAppErrorDialog,2
PermissionActivity,124
FollowListActivity,1
PhoneBoostActivity,14
MyMessageMainState,342
LightTaskStandardBrowserActivity,362
BdDialog,108
VideoAutoPlaySettingsActivity,4
TomasSearchMusicActivity,46
AboutBaiduSettingsActivity,5
ManageSpaceActivity,20
LightBrowserPluginStackActivity,51
VoiceSearchShellActivity,164
LocalAlbumDelegateActivity,6
DiscoveryNovelSecondActivity,189
AccountCenterActivity,10
LoginActivity,480
ImmerseBrowserActivity,1256
ReaderSettingsActivity,1
HotSplashActivity,3039
VideoFlowActivity,170998
NovelHomeActivity,8
VisionAliasActivity,307
NickNameDialogActivity,5
DownloadRenameActivity,1
LoadExternalWebViewActivity,44
PictureDetailActivity,3
FileAttrActivity,5
DownloadActivity,14528
NetCheckActivity,8
VideoDetailActivity,48126
WeiboSwanShareTransActivity,9
PluginDelegateActivity,300
ShortVideoDetailActivity,17
VideoCollectionActivity,1486
PortraitSettingActivity,8
UserSubscribeCenterActivity,1956
FileViewerActivity,36
DownloadedDocActivity,109
WeatherLocPickerActivity,7
MainProcessDelegateActivity,304
WebLoaderActivity,11
WebViewActivity,1
WXLoginActivity,67
DownloadManagerActivity,3236
SwanAppAlbumActivity,18
DocumentViewerActivity,4
BookmarkEditActivity,2
AdVideoRewardActivity,454
LocationEmptyActivity,4
LightSearchActivity,756746
LightBrowserActivityExt3,70
SkillsActivity,23
SplashActivity,15
MsgSetActivity,5
AssistActivity,103
SearchActivity,252
FeedDetailActivity,51174
AdBlockSettingActivity,4
VideoLocalPlayActivity,290
QQSSOLoginActivity,3
UserAssetsAggrActivity,8712
AttentionActivity,460
ClearCacheActivity,439
ScreenCapEditActivity,4
QZoneShareTransActivity,48
CommentActivity,29
LiveListActivity,120
AccountPrivacyActivity,2
ShareActivity,119
VideoActivity,469
ActivityProxy,14
LiteReaderActivity,70953
SwanHistoryActivity,72
MainActivity,319734
CollectionFlowActivity,175
RootActivity,1
FBReader,73197
